ward_code;ward_name;population_density;average_income;employment_rate;avg_gcse_score
E09000001;City of London;2546,9;99390,00;79,63286713;354,5
E05000026;Abbey;12038,5;38870,00;60,34807671;317,6577586
E05000027;Alibon;7357,1;37290,00;63,10738766;307,4457317
E05000028;Becontree;10076,9;37860,00;61,19244078;295,4513812
E05000029;Chadwell Heath;3029,4;38860,00;63,63939343;293,4378378
E05000030;Eastbrook;3014,3;42780,00;68,22166097;305,9482759
E05000031;Eastbury;8357,1;37720,00;61,5405442;315,6670659
E05000032;Gascoigne;16272,7;34140,00;56,36737844;300,6715328
E05000033;Goresbrook;8615,4;38130,00;63,60582307;302,2272727
E05000034;Heath;5550,0;36080,00;61,42509875;297,3286885
E05000035;Longbridge;7312,5;46520,00;65,20986009;337,7835227
E05000036;Mayesbrook;5447,4;36280,00;61,89512992;305,4440299
E05000037;Parsloes;8166,7;36640,00;61,45478162;312,2058394
E05000038;River;3416,7;38390,00;64,19753086;300,1892857
E05000039;Thames;3088,6;37400,00;60,5309997;306,9984733
E05000040;Valence;7846,2;38080,00;63,09872923;302,9649254
E05000041;Village;5190,5;36740,00;61,7107943;301,5692308
E05000042;Whalebone;7000,0;42530,00;67,47040772;310,8455285
E05000043;Brunswick Park;5375,0;53440,00;71,38967136;339,3390558
E05000044;Burnt Oak;9261,9;39000,00;63,66879615;313,5469751
E05000045;Childs Hill;6596,8;52190,00;67,90429645;335,65
E05000046;Colindale;12230,8;39990,00;61,91720766;307,730814
E05000047;Coppetts;6444,4;50910,00;71,4699793;343,4721212
E05000048;East Barnet;4394,7;53550,00;71,53933434;337,4255556
E05000049;East Finchley;6540,0;55480,00;74,85997613;350,0976378
E05000050;Edgware;3053,6;51380,00;68,96912114;326,7208333
E05000051;Finchley Church End;6092,6;61510,00;72,56828454;360,7409091
E05000052;Garden Suburb;3510,6;74940,00;73,05062915;368,5094118
E05000053;Golders Green;9266,7;54940,00;66,69287212;342,0639706
E05000054;Hale;3268,5;51650,00;70,67533406;325,5957143
E05000055;Hendon;6642,9;51560,00;66,73833413;352,6848684
E05000056;High Barnet;1921,7;59790,00;74,54545455;353,3846715
E05000057;Mill Hill;2111,7;56660,00;70,47127507;352,8417722
E05000058;Oakleigh;4878,8;56260,00;73,43535413;346,8614865
E05000059;Totteridge;1937,5;63320,00;71,6048092;368,8777328
E05000060;Underhill;3739,1;49390,00;68,3368128;320,3023188
E05000061;West Finchley;7727,3;56850,00;74,23456149;368,8980392
E05000062;West Hendon;5647,1;46620,00;67,23173278;340,3444444
E05000063;Woodhouse;7019,2;51100,00;72,01210287;356,6886076
E05000064;Barnehurst;3810,3;45990,00;75,78722103;326,2982456
E05000065;Belvedere;4109,4;40110,00;70,42600026;306,1392638
E05000066;Blackfen and Lamorbey;6470,6;49390,00;77,270003;332,8385185
E05000067;Blendon and Penhill;5381,0;48800,00;78,18315018;340,1451852
E05000068;Brampton;5450,0;49400,00;76,63393679;325,3616822
E05000069;Christchurch;4760,0;48590,00;77,02683312;342,8740157
E05000070;Colyers;7406,3;41250,00;70,24687855;298,2969231
E05000071;Crayford;3187,5;41810,00;73,16936836;301,3769784
E05000072;Cray Meadows;1631,9;42600,00;71,38532507;324,9230216
E05000073;Danson Park;4203,7;46480,00;74,97844208;337,0016667
E05000074;East Wickham;5181,8;43510,00;73,4550767;331,8702899
E05000075;Erith;2864,6;39690,00;67,61684643;312,2408
E05000076;Falconwood and Welling;6617,6;47030,00;76,20807277;335,6210526
E05000077;Lesnes Abbey;4916,7;42710,00;69,69612876;303,0125926
E05000078;Longlands;4211,5;49520,00;75,38604077;348,6740385
E05000079;North End;2175,4;35880,00;63,31491713;285,7090909
E05000080;Northumberland Heath;6111,1;44610,00;73,63476218;324,7898649
E05000081;St. Mary's;2477,3;53800,00;77,32330356;358,7084034
E05000082;St. Michael's;8250,0;46390,00;75,89923023;327,2227848
E05000083;Sidcup;4203,7;49970,00;74,03680276;347,6792453
E05000084;Thamesmead East;2750,0;38410,00;62,59551547;304,610828
E05000085;Alperton;7881,0;38550,00;67,36159601;318,5683871
E05000086;Barnhill;5583,3;42740,00;64,1759909;321,5930636
E05000087;Brondesbury Park;8029,4;49860,00;71,79431781;354,5699346
E05000088;Dollis Hill;6065,2;38230,00;61,5294531;298,0899441
E05000089;Dudden Hill;9647,1;41280,00;65,90023753;311,5085938
E05000090;Fryent;5463,0;43960,00;66,47877984;326,9644295
E05000091;Harlesden;16363,6;33620,00;59,32382462;304,8822115
E05000092;Kensal Green;13954,5;42750,00;68,75527624;307,5737705
E05000093;Kenton;5630,4;52870,00;70,26925954;357,2243697
E05000094;Kilburn;20222,2;42280,00;68,8879903;319,2414286
E05000095;Mapesbury;11785,7;45580,00;70,61930318;314,080402
E05000096;Northwick Park;5092,6;51340,00;67,39759573;345,7333333
E05000097;Preston;6708,3;44440,00;67,03889103;339,0653846
E05000098;Queens Park;10566,7;53850,00;75,82054941;345,8075
E05000099;Queensbury;9100,0;43360,00;67,67027185;331,9812903
E05000100;Stonebridge;4463,4;32250,00;54,249836;298,5968254
E05000101;Sudbury;7452,4;41350,00;67,39595488;331,1682119
E05000102;Tokyngton;7946,4;40860,00;67,45762712;310,8121622
E05000103;Welsh Harp;6195,7;39000,00;64,85405405;315,7455782
E05000104;Wembley Central;10906,3;38290,00;65,6267672;305,7202899
E05000105;Willesden Green;10900,0;38710,00;68,62899693;296,6677419
E05000106;Bickley;3224,5;61330,00;76,03126357;359,2688889
E05000107;Biggin Hill;1265,1;52070,00;79,16860555;311,6208
E05000108;Bromley Common and Keston;2078,3;51480,00;73,15528344;341,6916667
E05000109;Bromley Town;5405,4;55730,00;78,64648264;339,7354086
E05000110;Chelsfield and Pratts Bottom;1198,4;57790,00;77,29141207;363,7434783
E05000111;Chislehurst;1533,7;59910,00;75,06690455;343,3982906
E05000112;Clock House;7152,2;53100,00;77,74658432;338,1915493
E05000113;Copers Cope;5000,0;55310,00;79,51930215;335,5402778
E05000114;Cray Valley East;1214,3;40390,00;69,29998954;296,9125
E05000115;Cray Valley West;4500,0;39760,00;67,41387676;302,9659794
E05000116;Crystal Palace;5847,8;42730,00;69,48792487;286,6927711
E05000117;Darwin;189,7;54780,00;75,03272251;337,3666667
E05000118;Farnborough and Crofton;2164,3;57400,00;75,06438773;355,2761905
E05000119;Hayes and Coney Hall;1541,7;59000,00;76,2816616;348,7661538
E05000120;Kelsey and Eden Park;3182,7;57560,00;75,5079349;355,1067416
E05000121;Mottingham and Chislehurst North;4416,7;40510,00;67,93195779;296,0565217
E05000122;Orpington;3720,9;48100,00;72,75911131;328,558
E05000123;Penge and Cator;6150,0;45390,00;70,3611457;323,3430303
E05000124;Petts Wood and Knoll;3314,0;63410,00;75,43394407;357,2307692
E05000125;Plaistow and Sundridge;4000,0;50000,00;73,47659403;327,0585714
E05000126;Shortlands;4160,0;62610,00;76,2980056;381,0427273
E05000127;West Wickham;3534,1;59830,00;76,82994557;369,8398936
E05000128;Belsize;16437,5;84280,00;74,42535148;327,5957143
E05000129;Bloomsbury;12350,0;62190,00;51,40735816;342,8888889
E05000130;Camden Town with Primrose Hill;11333,3;71650,00;69,38223521;337,6598291
E05000131;Cantelowes;16000,0;60060,00;64,30655296;317,0329268
E05000132;Fortune Green;12500,0;73370,00;74,62956679;326,1701923
E05000133;Frognal and Fitzjohns;8466,7;99430,00;69,7634514;357,2347826
E05000134;Gospel Oak;16928,6;61590,00;65,49928395;323,3616438
E05000135;Hampstead Town;4700,0;104710,00;76,57477693;384,3461538
E05000136;Haverstock;18714,3;54740,00;62,94871795;297,2104712
E05000137;Highgate;3593,8;75250,00;70,37895311;316,031746
E05000138;Holborn and Covent Garden;11791,7;61920,00;61,92923503;339,00625
E05000139;Kentish Town;14300,0;63670,00;71,26011792;305,156701
E05000140;Kilburn;18285,7;53190,00;66,77126918;313,9913333
E05000141;King's Cross;21833,3;50390,00;46,11320755;322,0491935
E05000142;Regent's Park;11884,6;52460,00;54,35408599;319,7840237
E05000143;St. Pancras and Somers Town;12821,4;46850,00;52,98576257;313,5797297
E05000144;Swiss Cottage;10500,0;79860,00;72,30603448;305,1346535
E05000145;West Hampstead;14500,0;72450,00;76,16199769;328,3084211
E05000146;Addiscombe;11531,3;46520,00;74,11453161;318,2655629
E05000147;Ashburton;5722,2;47220,00;71,72118299;320,0701657
E05000148;Bensham Manor;12142,9;40730,00;67,46899403;311,7073892
E05000149;Broad Green;7851,9;37670,00;64,62324393;309,4956863
E05000150;Coulsdon East;1701,3;52750,00;73,88518024;335,0186047
E05000151;Coulsdon West;2930,0;58380,00;75,54660529;352,3064103
E05000152;Croham;4785,7;52180,00;76,4695194;341,1949153
E05000153;Fairfield;6789,5;47920,00;73,12222602;317,3410256
E05000154;Fieldway;8133,3;32760,00;58,49140486;275,95
E05000155;Heathfield;1597,7;48780,00;74,30466659;309,4560811
E05000156;Kenley;2500,0;54850,00;75,00519642;330,1275168
E05000157;New Addington;4854,2;35060,00;64,37179873;289,8164634
E05000158;Norbury;7020,0;44870,00;69,46141033;326,75125
E05000159;Purley;3892,9;55480,00;74,07484842;345,9036232
E05000160;Sanderstead;2134,9;59000,00;74,85793661;346,8307692
E05000161;Selhurst;8282,6;37920,00;64,74873748;316,709
E05000162;Selsdon and Ballards;1953,1;56510,00;76,42116319;339,6961538
E05000163;Shirley;5357,1;48410,00;72,26872001;319,2423729
E05000164;South Norwood;7208,3;41840,00;68,67575891;318,8761538
E05000165;Thornton Heath;10176,5;40960,00;66,77374943;297,8066351
E05000166;Upper Norwood;6557,7;45670,00;69,66703256;318,4347826
E05000167;Waddon;5069,4;42100,00;69,93940458;304,6142857
E05000168;West Thornton;9275,0;39350,00;64,58005937;317,692887
E05000169;Woodside;7954,5;41170,00;68,9560924;299,3424581
E05000170;Acton Central;9138,9;46260,00;69,37728938;335,7136691
E05000171;Cleveland;6977,3;53560,00;68,58178054;338,8765101
E05000172;Dormers Wells;6326,1;37130,00;60,98889131;308,4539877
E05000173;Ealing Broadway;8947,4;59190,00;75,09938912;349,3357798
E05000174;Ealing Common;6976,2;56300,00;74,60933709;338,9455224
E05000175;East Acton;4883,7;41590,00;68,30508475;305,9163265
E05000176;Elthorne;7925,0;49650,00;73,08516858;313,4022901
E05000177;Greenford Broadway;7320,0;38540,00;66,40110842;315,4
E05000178;Greenford Green;4367,6;44830,00;72,64522822;324,8804196
E05000179;Hanger Hill;4893,9;58010,00;71,91942013;330,2333333
E05000180;Hobbayne;6681,8;45900,00;70,59073523;327,9706806
E05000181;Lady Margaret;9666,7;41060,00;66,57605855;337,0518919
E05000182;Northfield;9366,7;63700,00;78,61436254;379,539759
E05000183;North Greenford;4781,3;46250,00;72,27584834;323,1869822
E05000184;Northolt Mandeville;5625,0;40330,00;67,26690676;302,8310345
E05000185;Northolt West End;4471,4;36170,00;61,91985279;319,8985075
E05000186;Norwood Green;3842,1;36730,00;57,25990458;309,1493976
E05000187;Perivale;4661,8;45650,00;71,37855994;339,7912752
E05000188;South Acton;10323,5;43350,00;68,13316311;320,6519231
E05000189;Southall Broadway;11687,5;35440,00;59,0508327;315,5
E05000190;Southall Green;10062,5;34530,00;59,65050844;305,7556075
E05000191;Southfield;9964,3;66360,00;77,58497499;350,5364583
E05000192;Walpole;9300,0;60250,00;77,27177335;371,26
E05000193;Bowes;10400,0;45290,00;71,89194518;329,8356643
E05000194;Bush Hill Park;6000,0;52700,00;73,02062542;353,3716418
E05000195;Chase;875,7;45360,00;69,5397772;317,0176101
E05000196;Cockfosters;1437,5;55190,00;66,94346491;339,7052239
E05000197;Edmonton Green;6290,3;32940,00;53,80506174;293,6270073
E05000198;Enfield Highway;3760,9;36850,00;60,13380559;311,2858974
E05000199;Enfield Lock;5545,5;37780,00;62,00338919;303,4353659
E05000200;Grange;4378,8;58640,00;74,84214436;364,4894737
E05000201;Haselbury;9722,2;37020,00;59,257864;307,4738197
E05000202;Highlands;2862,7;55140,00;72,90053603;346,9764286
E05000203;Jubilee;3987,2;38450,00;62,24534027;310,3554404
E05000204;Lower Edmonton;8068,2;35300,00;57,87311294;303,9780822
E05000205;Palmers Green;8789,5;47480,00;70,22744946;336,5110236
E05000206;Ponders End;5428,6;35810,00;57,97642436;313,5278027
E05000207;Southbury;5517,2;41440,00;65,0499737;327,2457447
E05000208;Southgate;5833,3;52310,00;71,0776218;360,5901408
E05000209;Southgate Green;5961,5;54020,00;70,39860597;348,4811966
E05000210;Town;7272,7;53390,00;75,91157938;327,94375
E05000211;Turkey Street;6826,1;36270,00;60,85755332;306,4853081
E05000212;Upper Edmonton;7574,1;35720,00;58,44995571;290,8079295
E05000213;Winchmore Hill;5196,4;58520,00;75,10345599;350,9736
E05000214;Abbey Wood;5574,1;39630,00;63,56534802;301,1487805
E05000215;Blackheath Westcombe;5857,1;63690,00;75,45783405;327,412766
E05000216;Charlton;6725,0;47740,00;67,7386106;316,1527778
E05000217;Coldharbour and New Eltham;5000,0;48340,00;70,68945058;319,4644295
E05000218;Eltham North;4634,6;54840,00;75,09252406;339,044186
E05000219;Eltham South;2641,3;46660,00;64,88925349;352,4731092
E05000220;Eltham West;5312,5;42970,00;64,00351185;310,888961
E05000221;Glyndon;9970,6;39810,00;62,52257913;317,4898477
E05000222;Greenwich West;6392,9;53640,00;68,57119767;310,8977064
E05000223;Kidbrooke with Hornfair;5604,2;44870,00;67,33051285;313,148366
E05000224;Middle Park and Sutcliffe;3924,2;44350,00;65,56083981;329,26
E05000225;Peninsula;6433,3;53050,00;74,21718854;302,8371134
E05000226;Plumstead;6562,5;40660,00;63,94450299;305,5567839
E05000227;Shooters Hill;3355,3;49190,00;69,52550679;320,0586957
E05000228;Thamesmead Moorings;4541,7;43220,00;62,93169025;311,460793
E05000229;Woolwich Common;7326,9;38090,00;60,46412785;313,0375
E05000230;Woolwich Riverside;7281,3;42080,00;64,72561885;309,0051724
E05000231;Brownswood;18250,0;48860,00;71,97727273;295,0340909
E05000232;Cazenove;19785,7;46380,00;64,80144404;320,3638298
E05000233;Chatham;15777,8;39570,00;63,00467488;326,3227273
E05000234;Clissold;18214,3;56050,00;73,29458215;345,5694444
E05000235;Dalston;18333,3;46500,00;70,39670002;332,2970803
E05000236;De Beauvoir;17833,3;47560,00;71,07044133;314,8584158
E05000237;Hackney Central;16562,5;42840,00;66,56710049;327,9693069
E05000238;Hackney Downs;13550,0;43360,00;65,09532789;318,0313433
E05000239;Haggerston;13166,7;43830,00;67,42542451;295,3051402
E05000240;Hoxton;20687,5;42490,00;62,70197107;322,5357798
E05000241;King's Park;6611,1;38930,00;57,55733628;320,5472603
E05000242;Leabridge;13454,5;42650,00;65,58351496;338,5455285
E05000243;Lordship;10750,0;48700,00;64,63042926;335,9011905
E05000244;New River;15800,0;43230,00;58,16377795;320,4537634
E05000245;Queensbridge;13318,2;44620,00;67,69170116;294,4322034
E05000246;Springfield;13100,0;40810,00;53,82749326;331,8378947
E05000247;Stoke Newington Central;18928,6;51920,00;73,38760175;327,7178947
E05000248;Victoria;17375,0;45410,00;65,61351947;320,5949153
E05000249;Wick;7812,5;40010,00;60,41259766;310,6221374
E05000250;Addison;19083,3;63150,00;76,24805858;330,5236364
E05000251;Askew;17562,5;54390,00;71,8149265;312,8184049
E05000252;Avonmore and Brook Green;14000,0;62140,00;69,51877314;343,1041667
E05000253;College Park and Old Oak;3411,8;43410,00;62,57678133;317,3738318
E05000254;Fulham Broadway;16642,9;60160,00;72,39732569;294,339
E05000255;Fulham Reach;12944,4;59970,00;70,96738034;343,0671642
E05000256;Hammersmith Broadway;11136,4;56010,00;69,90015884;325,3680851
E05000257;Munster;18333,3;73820,00;76,68209327;279,8714286
E05000258;North End;21666,7;56020,00;72,67193507;300,0387387
E05000259;Palace Riverside;5033,3;79350,00;74,25149701;309,3261905
E05000260;Parsons Green and Walham;11888,9;83750,00;73,67878319;321,262963
E05000261;Ravenscourt Park;9166,7;65710,00;72,23455661;339,5204301
E05000262;Sands End;9857,1;63490,00;69,28882747;321,3060606
E05000263;Shepherd's Bush Green;12000,0;51330,00;71,95638365;331,8721154
E05000264;Town;16000,0;69820,00;76,36022514;333,8576923
E05000265;Wormholt and White City;15166,7;44740,00;62,23630998;308,505036
E05000266;Alexandra;4692,3;69550,00;76,65345554;382,0150943
E05000267;Bounds Green;10500,0;44700,00;68,95784898;335,0286822
E05000268;Bruce Grove;17000,0;39330,00;61,82108626;298,7234899
E05000269;Crouch End;9285,7;70560,00;80,8604227;366,2734694
E05000270;Fortis Green;6675,0;67140,00;75,93096111;375,2162362
E05000271;Harringay;9000,0;48190,00;71,79984484;302,7841463
E05000272;Highgate;4940,0;73250,00;78,97278831;315,8032787
E05000273;Hornsey;12090,9;52520,00;72,40270183;329,3927273
E05000274;Muswell Hill;6588,2;73580,00;78,41631356;374,5246753
E05000275;Noel Park;12500,0;39680,00;63,20063379;302,0908397
E05000276;Northumberland Park;8236,8;33120,00;52,33784216;292,7917526
E05000277;St. Ann's;15454,5;41990,00;65,61625956;304,7010101
E05000278;Seven Sisters;13076,9;43330,00;63,65458015;319,5840491
E05000279;Stroud Green;11272,7;59130,00;77,26015271;334,9641975
E05000280;Tottenham Green;12000,0;37600,00;61,28939277;292,4014286
E05000281;Tottenham Hale;9868,4;35720,00;56,30203291;300,8793103
E05000282;West Green;10214,3;40290,00;63,30866808;309,4290323
E05000283;White Hart Lane;8352,9;35340,00;54,82598608;314,785446
E05000284;Woodside;10566,7;41420,00;66,61585366;300,5747899
E05000285;Belmont;6694,4;54020,00;71,78284182;356,1208
E05000286;Canons;2607,1;50460,00;71,94932782;340,9206522
E05000287;Edgware;9000,0;41980,00;68,5678392;334,2119658
E05000288;Greenhill;8176,5;47230,00;71,10299812;318,2225352
E05000289;Harrow on the Hill;3763,9;50100,00;68,23231104;343,2457447
E05000290;Harrow Weald;2630,4;46390,00;69,11723754;323,85
E05000291;Hatch End;3439,4;53990,00;73,18631179;351,3263158
E05000292;Headstone North;3272,7;57100,00;73,78861296;359,5341176
E05000293;Headstone South;8133,3;49350,00;71,73566879;351,0018519
E05000294;Kenton East;9230,8;41060,00;68,47939489;337,0461538
E05000295;Kenton West;6694,4;48400,00;71,6453358;342,0862069
E05000296;Marlborough;8718,8;43080,00;68,39292077;322,78
E05000297;Pinner;3257,6;56320,00;71,75449871;332,2802632
E05000298;Pinner South;4604,2;64680,00;75,22178988;368,6133333
E05000299;Queensbury;8062,5;43850,00;68,13950602;331,5670659
E05000300;Rayners Lane;7933,3;51060,00;71,53064029;349,8122137
E05000301;Roxbourne;9133,3;40110,00;64,82930299;321,0435754
E05000302;Roxeth;7812,5;43940,00;68,55957474;335,3452381
E05000303;Stanmore Park;2644,4;49520,00;68,58452892;313,1227273
E05000304;Wealdstone;10166,7;40040,00;65,12841091;314,7354037
E05000305;West Harrow;7400,0;50910,00;71,50700766;357,0117117
E05000306;Brooklands;4369,0;42630,00;72,72170004;307,2579268
E05000307;Cranham;1901,5;51810,00;75,55914848;336,5381295
E05000308;Elm Park;3445,9;41990,00;73,39473011;321,851875
E05000309;Emerson Park;2597,8;53940,00;74,253981;351,7510949
E05000310;Gooshays;2000,0;35640,00;63,02261092;284,4079208
E05000311;Hacton;5060,0;48420,00;75,74865626;340,8365672
E05000312;Harold Wood;1888,2;44860,00;72,16019417;292,2961538
E05000313;Havering Park;1331,6;40590,00;69,14502695;290,7802548
E05000314;Heaton;3955,9;35830,00;64,25880213;298,4716981
E05000315;Hylands;4500,0;48630,00;75,63878194;340,5527473
E05000316;Mawneys;4333,3;43350,00;73,23332507;313,1313725
E05000317;Pettits;3225,0;48780,00;74,9068323;321,508982
E05000318;Rainham and Wennington;792,9;41660,00;72,42206235;304,1729032
E05000319;Romford Town;7017,2;45060,00;74,44597701;314,1561728
E05000320;St. Andrew's;5074,1;46300,00;76,1392178;328,0074324
E05000321;South Hornchurch;2713,2;40060,00;70,53317536;304,6226601
E05000322;Squirrel's Heath;5115,4;51110,00;77,2732498;334,7460317
E05000323;Upminster;568,9;59340,00;76,3928113;352,05875
E05000324;Barnhill;6952,4;38450,00;64,95332359;317,0774869
E05000325;Botwell;3818,2;37140,00;63,97822361;312,1303922
E05000326;Brunel;4712,1;41900,00;57,54772683;294,1978723
E05000327;Cavendish;6300,0;54290,00;77,5606469;347,0140845
E05000328;Charville;4600,0;42870,00;70,97011269;334,0248521
E05000329;Eastcote and East Ruislip;3195,1;59180,00;76,79280233;350,9289256
E05000330;Harefield;529,6;46190,00;75,72094996;306,9423529
E05000331;Heathrow Villages;606,4;40090,00;71,72891708;319,9267241
E05000332;Hillingdon East;3972,2;45220,00;72,3870814;326,5443182
E05000333;Ickenham;1798,4;61230,00;76,56372472;366,8240602
E05000334;Manor;6150,0;53570,00;80,53206003;350,6961905
E05000335;Northwood;1520,3;57970,00;73,31422537;338,587037
E05000336;Northwood Hills;3787,9;53380,00;74,26749864;332,4449612
E05000337;Pinkwell;6166,7;38490,00;66,83678783;326,050463
E05000338;South Ruislip;1817,6;48910,00;77,54660253;327,4815068
E05000339;Townfield;4457,1;36830,00;63,22191665;308,6235294
E05000340;Uxbridge North;3076,1;50820,00;74,04666332;344,9808
E05000341;Uxbridge South;5016,1;41450,00;56,83966636;309,152381
E05000342;West Drayton;4571,4;39500,00;69,04257573;293,3183099
E05000343;West Ruislip;2852,3;53580,00;78,16870944;340,4972727
E05000344;Yeading;6478,3;40180,00;66,13224237;314,4702703
E05000345;Yiewsley;3600,0;39100,00;68,24179542;289,702381
E05000346;Bedfont;3113,6;40040,00;72,23142451;313,5028369
E05000347;Brentford;5531,3;44100,00;67,98918815;330,8105263
E05000348;Chiswick Homefields;5391,3;68670,00;76,14334043;345,4958904
E05000349;Chiswick Riverside;5928,6;65260,00;77,36743606;355,5340426
E05000350;Cranford;5037,0;38790,00;65,64903562;314,5727848
E05000351;Feltham North;3705,9;41270,00;71,57730349;318,9243902
E05000352;Feltham West;5218,8;42760,00;71,82610325;309,4455497
E05000353;Hanworth;3984,8;39140,00;66,8911193;292,7653179
E05000354;Hanworth Park;3736,1;43190,00;72,8901584;316,6481481
E05000355;Heston Central;7882,4;42200,00;66,58716909;333,7193548
E05000356;Heston East;6750,0;42790,00;67,50881316;337,1690647
E05000357;Heston West;3552,6;37120,00;62,21820374;323,2104651
E05000358;Hounslow Central;10500,0;45140,00;71,36317861;344,9805556
E05000359;Hounslow Heath;5839,3;40870,00;67,5970516;340,1679487
E05000360;Hounslow South;6861,1;50720,00;74,08787256;342,8715278
E05000361;Hounslow West;9500,0;40060,00;69,62684088;331,0604478
E05000362;Isleworth;6425,0;43770,00;70,63886532;315,8119266
E05000363;Osterley and Spring Grove;2246,0;53890,00;75,25013744;367,0296296
E05000364;Syon;5293,1;46760,00;73,01767807;318,4885496
E05000365;Turnham Green;7000,0;61230,00;76,9622093;343,6392857
E05000366;Barnsbury;16937,5;62770,00;68,10260851;320,4018018
E05000367;Bunhill;16409,1;54080,00;59,83150947;324,1555556
E05000368;Caledonian;14045,5;49320,00;61,69485085;311,9913462
E05000369;Canonbury;16125,0;56130,00;69,24211482;310,4195804
E05000370;Clerkenwell;14333,3;60270,00;62,55877529;300,6125
E05000371;Finsbury Park;17722,2;46290,00;65,3710584;309,8406504
E05000372;Highbury East;12700,0;67250,00;74,46933271;343,0347826
E05000373;Highbury West;15909,1;60960,00;74,49527217;322,6128049
E05000374;Hillrise;16000,0;53930,00;65,70550697;315,805042
E05000375;Holloway;16750,0;48760,00;63,92754004;312,159322
E05000376;Junction;13650,0;54490,00;68,4399955;334,5345238
E05000377;Mildmay;17500,0;54230,00;68,6204731;329,6050314
E05000378;St. George's;17000,0;56520,00;67,81088083;328,5323944
E05000379;St. Mary's;14722,2;64670,00;73,01837862;331,0707692
E05000380;St. Peter's;17750,0;61060,00;70,44102794;302,4153846
E05000381;Tollington;18000,0;52490,00;68,48760749;325,5853211
E05000382;Abingdon;17916,7;113950,00;66,17727772;356,9666667
E05000383;Brompton;8650,0;139710,00;69,2248062;355,6
E05000384;Campden;8888,9;143000,00;71,56712608;291,1
E05000385;Colville;20250,0;87080,00;69,85893417;311,0990099
E05000386;Courtfield;17500,0;132770,00;64,75796087;344,0823529
E05000387;Cremorne;13500,0;87900,00;63,03360581;311,6586538
E05000388;Earl's Court;18100,0;88300,00;68,47032907;359,2344828
E05000389;Golborne;10722,2;59110,00;59,2732421;314,427027
E05000390;Hans Town;14166,7;122800,00;69,14660832;337,7888889
E05000391;Holland;9550,0;114140,00;66,35798003;365,3559322
E05000392;Norland;12214,3;110760,00;67,43275451;323,0333333
E05000393;Notting Barns;15833,3;72150,00;61,84492798;330,35
E05000394;Pembridge;15000,0;116580,00;74,80809491;385,5714286
E05000395;Queen's Gate;16000,0;137770,00;66,2534986;376,825
E05000396;Redcliffe;12785,7;113600,00;74,30847212;342,25
E05000397;Royal Hospital;7888,9;129490,00;72,78897573;366,16
E05000398;St. Charles;13500,0;70930,00;63,35022263;330,4808989
E05000399;Stanley;11428,6;114710,00;73,02325581;344,5
E05000400;Alexandra;3777,8;53150,00;75,0883095;353,3104478
E05000401;Berrylands;6800,0;54530,00;74,8289801;342,6675325
E05000402;Beverley;5736,8;52140,00;71,58600149;372,3044248
E05000403;Canbury;11875,0;59440,00;74,9426079;367,5393617
E05000404;Chessington North and Hook;4921,1;47240,00;76,37004405;307,125
E05000405;Chessington South;1440,8;48740,00;78,54809976;321,3278195
E05000406;Coombe Hill;2534,1;59520,00;64,47787099;339,7795082
E05000407;Coombe Vale;6531,3;57500,00;72,35275689;367,022093
E05000408;Grove;6578,9;53170,00;66,75672501;324,7617284
E05000409;Norbiton;8576,9;43740,00;68,19802523;308,3627907
E05000410;Old Malden;5583,3;53680,00;74,02960526;347,0412698
E05000411;St. James;4363,6;53810,00;71,91429077;354,9736264
E05000412;St. Mark's;8107,1;58420,00;69,38437906;336,4026667
E05000413;Surbiton Hill;6735,3;55750,00;78,1935307;361,6478723
E05000414;Tolworth and Hook Rise;4384,6;48080,00;76,19410957;337,5252101
E05000415;Tudor;6375,0;64010,00;76,9382716;378,9398058
E05000416;Bishop's;8233,3;51170,00;66,2225097;324,8346939
E05000417;Brixton Hill;15545,5;49370,00;75,27162813;312,4784314
E05000418;Clapham Common;10807,7;64590,00;80,31898887;296,1657895
E05000419;Clapham Town;13954,5;57720,00;80,04453103;311,4953125
E05000420;Coldharbour;14875,0;40490,00;64,88669139;305,5961538
E05000421;Ferndale;19000,0;49960,00;76,98477656;313,0010582
E05000422;Gipsy Hill;8843,8;46160,00;69,6890103;314,2944882
E05000423;Herne Hill;8000,0;53040,00;75,27140061;324,4942623
E05000424;Knight's Hill;10400,0;46550,00;68,7943972;322,1412162
E05000425;Larkhall;16727,3;46970,00;73,51680577;308,9
E05000426;Oval;13423,1;49580,00;74,34453782;321,5030928
E05000427;Prince's;13500,0;47420,00;71,10942105;333,5207921
E05000428;St. Leonard's;11250,0;50510,00;75,60864411;341,06875
E05000429;Stockwell;17222,2;44070,00;71,21637533;313,6672131
E05000430;Streatham Hill;12115,4;49650,00;74,58632233;316,4956897
E05000431;Streatham South;8852,9;46230,00;70,35790762;327,6622378
E05000432;Streatham Wells;10400,0;48320,00;74,1962383;310,9723214
E05000433;Thornton;13636,4;53300,00;74,31797853;319,1690217
E05000434;Thurlow Park;9300,0;52900,00;73,96486826;304,7932584
E05000435;Tulse Hill;16450,0;44800,00;70,53774742;291,9833333
E05000436;Vassall;14954,5;43790,00;67,62732684;317,2514925
E05000437;Bellingham;5016,1;37860,00;64,88014236;294,5421875
E05000438;Blackheath;6760,9;55200,00;74,14123099;295,5715054
E05000439;Brockley;11264,7;46130,00;71,26582278;311,9791304
E05000440;Catford South;8342,1;47390,00;70,16239483;311,4160428
E05000441;Crofton Park;9117,6;52020,00;73,87674702;314,3884956
E05000442;Downham;6291,7;37320,00;63,57550483;290,4672316
E05000443;Evelyn;10916,7;36950,00;63,65492598;305,2361111
E05000444;Forest Hill;8638,9;49880,00;73,61627225;333,01
E05000445;Grove Park;6395,8;43660,00;69,33880062;308,2021277
E05000446;Ladywell;9625,0;48990,00;70,4674489;319,4958678
E05000447;Lee Green;8472,2;52300,00;75,10569266;334,2216495
E05000448;Lewisham Central;10547,6;43180,00;69,5737192;303,4345865
E05000449;New Cross;10472,2;38070,00;64,61591339;299,0064
E05000450;Perry Vale;9558,8;47470,00;72,93253786;313,5038462
E05000451;Rushey Green;9944,4;41830,00;66,24562767;300,7135714
E05000452;Sydenham;9647,1;44810,00;69,09656733;308,166
E05000453;Telegraph Hill;11666,7;45020,00;70,56872824;312,8092025
E05000454;Whitefoot;7068,2;39620,00;64,76169215;302,2232227
E05000455;Abbey;8035,7;62540,00;80,31697342;332,4018692
E05000456;Cannon Hill;4545,5;57720,00;75,90302636;364,1669903
E05000457;Colliers Wood;11000,0;52340,00;76,70591062;335,3820896
E05000458;Cricket Green;4166,7;39970,00;65,70974997;296,0496732
E05000459;Dundonald;8666,7;70060,00;83,16991073;391,603125
E05000460;Figge's Marsh;11318,2;41200,00;66,28932473;315,5824
E05000461;Graveney;11888,9;47680,00;71,62784009;332,877907
E05000462;Hillside;8208,3;72750,00;79,83399939;372,340625
E05000463;Lavender Fields;9458,3;44570,00;72,55482309;301,145082
E05000464;Longthornton;7566,7;45940,00;69,92914083;319,2923077
E05000465;Lower Morden;5444,4;52260,00;78,14858293;334,6595238
E05000466;Merton Park;5750,0;64060,00;75,21996481;380,67
E05000467;Pollards Hill;5272,7;42640,00;67,78653189;312,9716049
E05000468;Ravensbury;6055,6;43160,00;68,96604701;312,6198347
E05000469;Raynes Park;5605,3;69100,00;77,63661411;341,0297297
E05000470;St. Helier;6250,0;43430,00;69,36578171;329,55
E05000471;Trinity;9636,4;65820,00;80,72207084;342,7133333
E05000472;Village;1491,9;92240,00;71,27842538;388,675
E05000473;West Barnes;5400,0;60630,00;76,46337726;363,3811321
E05000474;Wimbledon Park;5304,3;71450,00;78,39615482;340,4986667
E05000475;Beckton;2777,8;40180,00;60,29597546;305,8
E05000476;Boleyn;18277,8;37370,00;58,24460698;325,2095745
E05000477;Canning Town North;7100,0;34390,00;59,46024942;306,0559322
E05000478;Canning Town South;13055,6;38770,00;64,41872607;299,0376963
E05000479;Custom House;7428,6;37610,00;62,79845128;299,1942408
E05000480;East Ham Central;16250,0;38210,00;57,97450299;310,5708861
E05000481;East Ham North;15833,3;38170,00;56,31806041;323,1586826
E05000482;East Ham South;9138,9;37150,00;59,02419675;311,5045643
E05000483;Forest Gate North;13791,7;40370,00;64,6529563;330,6289773
E05000484;Forest Gate South;15333,3;40710,00;62,10141546;315,8967532
E05000485;Green Street East;23214,3;37310,00;55,39442649;316,288587
E05000486;Green Street West;19312,5;36760,00;54,27409666;320,9536913
E05000487;Little Ilford;9078,9;35280,00;53,02112029;314,6870192
E05000488;Manor Park;11961,5;37310,00;55,82620145;328,8079787
E05000489;Plaistow North;15750,0;36380,00;58,36285661;318,8994595
E05000490;Plaistow South;11964,3;37500,00;61,76155631;313,9185393
E05000491;Royal Docks;4312,5;45530,00;71,89297324;305,5415179
E05000492;Stratford and New Town;7881,0;42220,00;68,87336991;308,8741667
E05000493;Wall End;10821,4;38150,00;57,06114398;302,5127551
E05000494;West Ham;12538,5;38130,00;63,06403675;307,5491018
E05000495;Aldborough;2017,4;45980,00;67,3873682;339,978534
E05000496;Barkingside;9366,7;49040,00;67,32201734;357,1525926
E05000497;Bridge;4788,5;48640,00;73,2062347;322,7427536
E05000498;Chadwell;10633,3;45180,00;68,41764642;328,6417085
E05000499;Church End;8433,3;57150,00;79,29663229;343,699359
E05000500;Clayhall;5740,0;51550,00;67,79199242;372,2296651
E05000501;Clementswood;15076,9;37160,00;56,45878581;330,4644578
E05000502;Cranbrook;5937,5;47260,00;62,82593376;355,0882759
E05000503;Fairlop;3777,8;46300,00;70,77291791;324,2585714
E05000504;Fullwell;6295,5;43880,00;66,67077682;332,9598802
E05000505;Goodmayes;8906,3;41520,00;60,95141472;318,7120253
E05000506;Hainault;2598,2;38700,00;65,14369934;304,6393939
E05000507;Loxford;14923,1;35150,00;53,52515244;339,7470588
E05000508;Mayfield;7763,2;43790,00;63,4527613;338,6118557
E05000509;Monkhams;3612,9;62140,00;76,20073892;369,7776316
E05000510;Newbury;8904,8;43690,00;63,15261959;347,6247899
E05000511;Roding;5847,8;50980,00;73,82458752;330,1154545
E05000512;Seven Kings;9071,4;42350,00;60,05346005;332,2447674
E05000513;Snaresbrook;6400,0;56800,00;78,13403747;370,85
E05000514;Valentines;10966,7;42870,00;60,62328911;341,0123188
E05000515;Wanstead;2365,4;58560,00;74,53806841;343,9020408
E05000516;Barnes;3616,7;80160,00;72,34265212;327,782716
E05000517;East Sheen;1879,3;81320,00;78,16373374;396,2131579
E05000518;Fulwell and Hampton Hill;5631,6;68550,00;79,60124981;373,6583333
E05000519;Ham, Petersham & Richmond Riverside;1170,2;62050,00;73,3796646;337,5187879
E05000520;Hampton;1550,7;65120,00;77,16887928;342,7931034
E05000521;Hampton North;5263,2;53560,00;73,45132743;310,351087
E05000522;Hampton Wick;4055,6;65130,00;73,13829787;374,4480519
E05000523;Heathfield;5789,5;49870,00;70,80911936;324,3889831
E05000524;Kew;3361,1;74260,00;77,05679406;362,7915493
E05000525;Mortlake and Barnes Common;6078,9;70740,00;77,87325456;341,7918919
E05000526;North Richmond;4142,9;72050,00;78,36796477;359,5589474
E05000527;St. Margarets & North Twickenham;6275,0;75550,00;80,79228564;369,2925
E05000528;South Richmond;4277,8;75230,00;76,02767061;361,4245614
E05000529;South Twickenham;6205,9;72960,00;76,76511955;375,6315789
E05000530;Teddington;2534,9;71610,00;79,85074627;378,2073529
E05000531;Twickenham Riverside;5550,0;72910,00;80,70941337;366,0779412
E05000532;West Twickenham;4440,0;62320,00;79,49743004;333,8769912
E05000533;Whitton;6531,3;57850,00;76,47714604;341,0166667
E05000534;Brunswick Park;15111,1;46940,00;66,81870011;315,9298387
E05000535;Camberwell Green;16350,0;41140,00;64,64448793;304,3804196
E05000536;Cathedrals;10138,9;52610,00;62,92511445;312,8394366
E05000537;Chaucer;20375,0;48920,00;66,40290142;318,2711111
E05000538;College;3703,1;55720,00;71,10806432;324,0428571
E05000539;East Dulwich;12450,0;64860,00;79,21620432;333,6666667
E05000540;East Walworth;13772,7;40110,00;62,54876463;319,5195402
E05000541;Faraday;14500,0;39800,00;62,33664693;319,8929134
E05000542;Grange;15500,0;49920,00;69,12729659;322,1289617
E05000543;Livesey;11035,7;37520,00;60,32146234;314,2777108
E05000544;Newington;20125,0;44150,00;66,31398341;319,9704
E05000545;Nunhead;10692,3;43310,00;64,98921639;325,3381818
E05000546;Peckham;17388,9;38900,00;61,17302053;320,9891192
E05000547;Peckham Rye;5869,6;56040,00;74,87628866;330,4277228
E05000548;Riverside;13730,8;56470,00;74,890811;298,4731034
E05000549;Rotherhithe;10466,7;47830,00;69,26344242;312,3794326
E05000550;South Bermondsey;14550,0;40280,00;64,75961056;310,225
E05000551;South Camberwell;10230,8;53610,00;70,72748892;325,406
E05000552;Surrey Docks;8684,2;59870,00;77,67703328;319,0392523
E05000553;The Lane;12071,4;49140,00;68,93028303;308,6855072
E05000554;Village;4482,1;80780,00;77,22112537;356,8764706
E05000555;Beddington North;2220,0;48270,00;77,19453022;340,6891026
E05000556;Beddington South;3709,7;43390,00;69,07759883;320,1719745
E05000557;Belmont;4717,4;55230,00;76,24376229;369,4752381
E05000558;Carshalton Central;5550,0;52290,00;78,60637509;360,2982301
E05000559;Carshalton South and Clockhouse;1535,2;55240,00;76,54181466;359,5691057
E05000560;Cheam;2820,5;58070,00;76,35048232;363,9583333
E05000561;Nonsuch;6026,3;52920,00;79,08066169;357,1032258
E05000562;St. Helier;8633,3;37720,00;69,55963538;311,3359756
E05000563;Stonecot;5750,0;48160,00;77,91834388;351,0649682
E05000564;Sutton Central;9538,5;43470,00;75,58716075;313,5395604
E05000565;Sutton North;5894,7;46630,00;75,5829904;344,4742424
E05000566;Sutton South;8192,3;49870,00;78,14232902;337,717037
E05000567;Sutton West;6416,7;51470,00;79,34691599;352,0459627
E05000568;The Wrythe;7433,3;44940,00;77,48315265;331,9978102
E05000569;Wallington North;7187,5;47500,00;76,83011529;349,2135135
E05000570;Wallington South;6676,5;46490,00;74,22147957;377,35
E05000571;Wandle Valley;6261,9;39290,00;71,99228792;306,0933824
E05000572;Worcester Park;6300,0;50070,00;78,8534202;336,2578512
E05000573;Bethnal Green North;18875,0;47380,00;64,59846849;322,9417808
E05000574;Bethnal Green South;16944,4;43160,00;55,88096808;308,9180328
E05000575;Blackwall and Cubitt Town;8416,7;56890,00;70,83471458;305,3420233
E05000576;Bow East;8342,1;48110,00;68,88328984;294,792623
E05000577;Bow West;10615,4;53680,00;66,33474576;323,1221154
E05000578;Bromley-by-Bow;20863,6;42100,00;55,09410802;310,3418269
E05000579;East India and Lansbury;14416,7;39370,00;52,85743759;290,3412621
E05000580;Limehouse;15863,6;47410,00;63,97271057;309,4087719
E05000581;Mile End and Globe Town;18055,6;44940,00;55,3975265;334,4534722
E05000582;Mile End East;14545,5;42740,00;56,07993197;319,5439024
E05000583;Millwall;11100,0;62060,00;73,62478596;312,9965649
E05000584;St. Dunstan's and Stepney Green;17200,0;43240,00;55,39607558;324,7758794
E05000585;St. Katherine's and Wapping;9366,7;67760,00;76,49598394;324,4409836
E05000586;Shadwell;16050,0;47540,00;60,6741573;320,0011538
E05000587;Spitalfields and Banglatown;20500,0;52210,00;60,86694762;338,3826923
E05000588;Weavers;19937,5;49350,00;66,99029126;321,2176471
E05000589;Whitechapel;20388,9;49140,00;64,96980155;324,4691489
E05000590;Cann Hall;16666,7;39010,00;63,79187455;311,7180451
E05000591;Cathall;12772,7;36980,00;62,66447368;311,6899083
E05000592;Chapel End;8555,6;43550,00;68,94208656;321,6454545
E05000593;Chingford Green;2973,0;47150,00;73,41365462;332,1648148
E05000594;Endlebury;5825,0;46250,00;70,39017341;341,823871
E05000595;Forest;7025,0;43100,00;65,1511783;307,2223077
E05000596;Grove Green;18000,0;43440,00;70,34118302;305,7784946
E05000597;Hale End and Highams Park;5717,4;47420,00;71,1001203;321,8601266
E05000598;Hatch Lane;4958,3;43140,00;69,88054608;325,6851351
E05000599;High Street;5096,8;41540,00;69,41907908;328,4623932
E05000600;Higham Hill;4781,3;37350,00;62,58928571;307,0747253
E05000601;Hoe Street;14090,9;41630,00;66,11002971;321,1685185
E05000602;Larkswood;6071,4;41980,00;69,57470011;311,8991597
E05000603;Lea Bridge;6576,9;37560,00;62,83911078;313,4197183
E05000604;Leyton;8000,0;37090,00;61,45908575;294,5675978
E05000605;Leytonstone;10884,6;46400,00;70,26117119;316,6333333
E05000606;Markhouse;11266,7;40300,00;64,19543282;300,9038217
E05000607;Valley;6175,0;40860,00;68,11807132;318,5206061
E05000608;William Morris;14500,0;41860,00;68,14341421;317,5142857
E05000609;Wood Street;8388,9;41930,00;66,20124113;330,660274
E05000610;Balham;12583,3;76280,00;82,99229338;348,1929412
E05000611;Bedford;8416,7;64470,00;79,97356828;347,6283582
E05000612;Earlsfield;11678,6;61190,00;78,98173403;325,9819355
E05000613;East Putney;10156,3;68740,00;81,70946184;316,066055
E05000614;Fairfield;10533,3;68040,00;83,89506749;339,7882353
E05000615;Furzedown;11428,6;51860,00;70,55592386;339,7146893
E05000616;Graveney;15850,0;51450,00;72,60740874;329,4254902
E05000617;Latchmere;14454,5;47200,00;70,64368435;319,2316151
E05000618;Nightingale;12583,3;71740,00;81,27636164;317,8264368
E05000619;Northcote;9264,7;80510,00;83,90178571;341,8808824
E05000620;Queenstown;7062,5;53840,00;75,37266593;314,689697
E05000621;Roehampton;4000,0;40880,00;59,84636872;297,222549
E05000622;St. Mary's Park;12392,9;61760,00;77,41317365;313,27
E05000623;Shaftesbury;16277,8;71090,00;82,99174874;323,8282051
E05000624;Southfields;11433,3;67330,00;80,93968677;338,0913043
E05000625;Thamesfield;8342,1;79730,00;83,40572644;344,9431034
E05000626;Tooting;11031,3;48630,00;67,74546987;322,4422764
E05000627;Wandsworth Common;6107,1;72820,00;70,95532277;340,5347826
E05000628;West Hill;10000,0;55010,00;73,1178222;308,8943262
E05000629;West Putney;8694,4;59490,00;72,56985439;328,3256757
E05000630;Abbey Road;10545,5;90170,00;67,90812354;329,0605263
E05000631;Bayswater;21200,0;85610,00;73,89960435;344,1022222
E05000632;Bryanston and Dorset Square;18285,7;88470,00;66,64196485;358,4705882
E05000633;Churchill;18500,0;65830,00;63,35297767;343,5030928
E05000634;Church Street;30125,0;44380,00;48,68660598;318,4377483
E05000635;Harrow Road;24900,0;58030,00;63,36463582;332,9747253
E05000636;Hyde Park;13900,0;79530,00;62,37942122;335,5081081
E05000637;Knightsbridge and Belgravia;2819,4;176950,00;56,49871171;340,6666667
E05000638;Lancaster Gate;23250,0;84280,00;71,22029726;348,9744186
E05000639;Little Venice;18916,7;83230,00;69,3814433;303,9354839
E05000640;Maida Vale;17916,7;77170,00;70,42310275;323,337069
E05000641;Marylebone High Street;11350,0;103240,00;71,41819942;390,1789474
E05000642;Queen's Park;21916,7;53520,00;58,95029545;314,9472222
E05000643;Regent's Park;5478,3;78810,00;62,43790137;296,6185185
E05000644;St. James's;3557,1;90820,00;67,69142199;352,8394737
E05000645;Tachbrook;21500,0;80420,00;75,19083969;368
E05000646;Vincent Square;15357,1;78880,00;69,01621325;326,3586207
E05000647;Warwick;16500,0;86200,00;73,76779847;310,1636364
E05000648;Westbourne;19214,3;53730,00;58,99863139;338,5621849
E05000649;West End;5775,0;95940,00;71,34203169;363,128
